[{"id":"62814622392081@s.whatsapp.net","name":"Riu","age":"17","time":"23:05:35","serial":"cb834f24b302a2b09886"},{"id":"628990542731@s.whatsapp.net","name":"6","age":"15","time":"07:34:03","serial":"084960e9e937e5e943c6"},{"id":"6285664770042@s.whatsapp.net","name":"rio","age":"19","time":"14:12:29","serial":"1d9cb32bcce8fb48ed3a"},{"id":"6285776984314@s.whatsapp.net","name":"hu","age":"15","time":"16:31:57","serial":"fd21130dc8eca76dcf4b"},{"id":"6283807588767@s.whatsapp.net","name":"Youka","age":"19","time":"17:51:44","serial":"e6de357119b93430f70d"},{"id":"6283100472755@s.whatsapp.net","name":"Giii","age":"18","time":"01:58:42","serial":"302e7082d6e1a0a43bb8"},{"id":"62882248593508@s.whatsapp.net","name":"mans","age":"21","time":"17:17:03","serial":"d1d60ae57bf82400c601"},{"id":"6288212411466@s.whatsapp.net","name":"Hour","age":"19","time":"17:18:16","serial":"b30bc47b2151d3b9af3e"},{"id":"6283891991376@s.whatsapp.net","name":"NXLG.rifqycaca","age":"12","time":"22:46:58","serial":"59b4ab7de0dc27e6a9d1"},{"id":"62857137096821@s.whatsapp.net","name":"Roy","age":"17","time":"22:49:04","serial":"0f6728cf5ab9c5d9e6ad"},{"id":"6283189865012@s.whatsapp.net","name":"Krisna","age":"17","time":"07:18:43","serial":"4dfe6da6fd2eb19529df"},{"id":"6285842785495@s.whatsapp.net","name":"Fiiims","age":"18","time":"07:20:38","serial":"c2adf33b2faac8674b09"},{"id":"6288221498673@s.whatsapp.net","name":"ceLLo Berpicis","age":"17","time":"23:58:45","serial":"77b9603be63a5f8223f2"}]